Pet_Name,Provider NPI,Claim ID,Claim Type,Amount Paid,Pet Id,Claim Date
Sophie,1008,1551DB6D,Check-up,74.64,PET-1953,2023-03-09 14:26:19
Sophie,1008,836C194D,Dental Cleaning,157.98,PET-1953,2023-03-27 14:26:19
Sophie,1008,4E38C924,X-ray,354.67,PET-1953,2022-12-23 14:26:19
Harper,1006,A4B45594,Check-up,117.51,PET-8260,2023-07-26 14:26:19
Harper,1006,16599925,Check-up,50.53,PET-8260,2022-10-01 14:26:19
Harper,1006,00391F2A,X-ray,891.11,PET-8260,2021-12-01 14:26:19
Harper,1006,D2B0D616,Vaccination,101.44,PET-8260,2023-10-08 14:26:19
Gunther,1002,FCB7447A,Check-up,147.44,PET-1854,2023-01-20 14:26:19
Gunther,1002,CA1D0D13,Lab Test,351.82,PET-1854,2022-02-17 14:26:19
Buddy,1003,25564854,Dental Cleaning,219.98,PET-7814,2022-01-04 14:26:19
Buddy,1003,46A474FA,Lab Test,101.99,PET-7814,2022-09-23 14:26:19
Buddy,1003,9935A183,X-ray,648.94,PET-7814,2023-08-13 14:26:19
Buddy,1003,08606F56,Lab Test,292.86,PET-7814,2021-12-11 14:26:19
Roxy,1019,0A9BD0C6,Surgery,3941.98,PET-4027,2022-06-22 14:26:19
Roxy,1019,4C286C84,Dental Cleaning,204.58,PET-4027,2022-02-28 14:26:19
Roxy,1019,E9667102,Vaccination,193.71,PET-4027,2023-03-19 14:26:19
Roxy,1019,F1A9F134,Surgery,2718.12,PET-4027,2023-01-19 14:26:19
Roxy,1019,4CA8A557,Surgery,1807.18,PET-4027,2022-05-27 14:26:19
Taz,1008,3333C4D4,Check-up,114.03,PET-9503,2023-02-06 14:26:19
Gunner,1016,B65789F4,X-ray,950.45,PET-2366,2022-11-25 14:26:19
Gunner,1016,31568FC4,Vaccination,75.02,PET-2366,2023-05-28 14:26:19
Gunner,1016,A7BA8AD1,X-ray,211.04,PET-2366,2022-11-02 14:26:19
Gunner,1016,1DDD63BF,X-ray,755.03,PET-2366,2022-12-17 14:26:19
Gunner,1016,184FC599,Dental Cleaning,273.09,PET-2366,2023-07-24 14:26:19
Gunner,1016,A8C4FC33,Lab Test,497.52,PET-2366,2022-01-25 14:26:19
Gunner,1016,8932D7C8,Dental Cleaning,195.78,PET-2366,2022-05-12 14:26:19
Gunner,1016,0F00B7D4,Check-up,108.18,PET-2366,2022-09-04 14:26:19
Gunner,1016,9716C224,X-ray,519.49,PET-2366,2023-10-05 14:26:19
Buster,1005,AA488BBA,Check-up,68.46,PET-2876,2022-06-02 14:26:19
Buster,1005,6AC9BD86,Surgery,2843.52,PET-2876,2023-06-19 14:26:19
Buster,1005,831B77AB,X-ray,699.36,PET-2876,2022-08-08 14:26:19
Buster,1005,3.64E+05,Check-up,72.47,PET-2876,2023-03-09 14:26:19
Buster,1005,4ED63F9D,Vaccination,78.25,PET-2876,2023-06-24 14:26:19
Buster,1005,68B21EBB,Check-up,71.05,PET-2876,2022-11-01 14:26:19
Jake,1020,9B766C7F,Surgery,2973.88,PET-9578,2021-11-13 14:26:19
Jake,1020,70F8B847,Dental Cleaning,294.46,PET-9578,2021-12-25 14:26:19
Jake,1020,1D9DD863,Vaccination,61.04,PET-9578,2022-12-06 14:26:19
Ace,1008,AA2FF8BE,Check-up,111.37,PET-2923,2022-06-14 14:26:19
Nova,1002,13EB4E21,X-ray,391.68,PET-4894,2022-03-14 14:26:19
Nova,1002,72A26416,Dental Cleaning,247.73,PET-4894,2022-09-25 14:26:19
Nova,1002,3100F9AD,Check-up,97.52,PET-4894,2021-12-24 14:26:19
Nova,1002,E2635D1D,Check-up,84.96,PET-4894,2023-06-09 14:26:19
Nova,1002,33D9B1DE,Lab Test,371.5,PET-4894,2022-01-12 14:26:19
Nova,1002,2CAEA575,X-ray,371.63,PET-4894,2023-01-17 14:26:19
Nova,1002,409A5FC1,Dental Cleaning,277.6,PET-4894,2022-08-25 14:26:19
Nova,1002,6549F927,Vaccination,87.57,PET-4894,2021-10-30 14:26:19
Nova,1002,AB1D0479,Dental Cleaning,180.75,PET-4894,2022-06-11 14:26:19
Nova,1002,434BE335,Check-up,75.43,PET-4894,2023-08-23 14:26:19
Wally,1019,7C4723FA,Dental Cleaning,295.71,PET-3702,2023-06-07 14:26:19
Wally,1019,0B392E75,Check-up,92.6,PET-3702,2022-05-15 14:26:19
Wally,1019,D41597DA,X-ray,487.75,PET-3702,2023-07-10 14:26:19
Wally,1019,2D9C9BB1,Check-up,145.27,PET-3702,2023-02-26 14:26:19
Cash,1006,F0641032,Check-up,61.88,PET-7789,2023-01-25 14:26:19
Cash,1006,6352BB15,Check-up,117.71,PET-7789,2023-04-12 14:26:19
Cash,1006,2416BFD5,Surgery,4075.34,PET-7789,2022-07-03 14:26:19
Cash,1006,4FFE13AE,Lab Test,475.93,PET-7789,2021-12-24 14:26:19
Cash,1006,3FB10449,Check-up,127.58,PET-7789,2022-11-18 14:26:19
Cash,1006,83B5F342,X-ray,731.43,PET-7789,2023-08-03 14:26:19
Cash,1006,ABCBFE0C,Vaccination,139.32,PET-7789,2022-05-17 14:26:19
Cash,1006,494497F6,X-ray,562.52,PET-7789,2021-10-28 14:26:19
Cash,1006,DB8C6B14,Vaccination,162.15,PET-7789,2023-04-29 14:26:19
Ranger,1019,1C6F887E,Dental Cleaning,135.81,PET-3385,2022-05-02 14:26:19
Ranger,1019,6.97E+92,Check-up,92.8,PET-3385,2023-04-13 14:26:19
Ranger,1019,260F4D31,Surgery,2264.71,PET-3385,2023-03-02 14:26:19
Ranger,1019,8778BDA7,X-ray,474.71,PET-3385,2022-08-18 14:26:19
Ranger,1019,5.07E+289,Vaccination,188.97,PET-3385,2022-04-01 14:26:19
Ranger,1019,D6AA248A,Check-up,125.91,PET-3385,2023-04-27 14:26:19
Ranger,1019,AF959126,Dental Cleaning,277.43,PET-3385,2022-01-21 14:26:19
Ranger,1019,E11E1820,Dental Cleaning,166.5,PET-3385,2021-09-26 14:26:19
Ranger,1019,3DE00901,X-ray,344.38,PET-3385,2023-07-18 14:26:19
Gizmo,1008,8D1C6692,X-ray,894.15,PET-8971,2022-06-24 14:26:19
Gizmo,1008,958FEA74,Vaccination,115.18,PET-8971,2021-12-10 14:26:19
Gizmo,1008,DA39DE5F,Check-up,111.02,PET-8971,2022-08-30 14:26:19
Prince,1008,0E151A26,Surgery,4123.7,PET-1525,2022-01-03 14:26:19
Prince,1008,13013B4C,Check-up,95.4,PET-1525,2021-12-04 14:26:19
Prince,1008,C51E892E,Check-up,86.06,PET-1525,2022-12-05 14:26:19
Prince,1008,8E2E7124,Dental Cleaning,161.71,PET-1525,2023-03-26 14:26:19
Prince,1008,DA5253A0,Dental Cleaning,105.39,PET-1525,2021-12-10 14:26:19
Rex,1005,E3DDD624,X-ray,445.68,PET-9289,2023-06-19 14:26:19
Blaze,1014,D8CF57FC,X-ray,568.69,PET-7235,2022-09-14 14:26:19
Blaze,1014,A124F18F,Surgery,4882.19,PET-7235,2022-11-28 14:26:19
Blaze,1014,B26DACE2,Check-up,117.88,PET-7235,2023-04-04 14:26:19
Blaze,1014,8FA2F30C,Check-up,119.57,PET-7235,2022-08-27 14:26:19
Blaze,1014,30259B46,Lab Test,284.53,PET-7235,2022-10-14 14:26:19
Blaze,1014,62F315ED,Vaccination,172.87,PET-7235,2022-11-10 14:26:19
Spike,1006,975AFCC0,Vaccination,63.49,PET-8920,2023-05-19 14:26:19
Spike,1006,5BCB73D3,Check-up,56.71,PET-8920,2023-04-12 14:26:19
Spike,1006,E7452439,Check-up,63.76,PET-8920,2022-11-14 14:26:19
Spike,1006,44370E1E,X-ray,958.07,PET-8920,2022-07-09 14:26:19
Theo,1000,4A89B4D8,Lab Test,379.2,PET-4033,2022-09-15 14:26:19
Theo,1000,2A020C6B,Vaccination,51.83,PET-4033,2022-07-18 14:26:19
Theo,1000,99A30D8F,X-ray,218.94,PET-4033,2023-05-15 14:26:19
Theo,1000,C85B78D4,Vaccination,154.76,PET-4033,2023-04-01 14:26:19
Theo,1000,6911279C,Check-up,87.99,PET-4033,2022-11-28 14:26:19
Theo,1000,881FFE85,Check-up,129.53,PET-4033,2022-03-13 14:26:19
Theo,1000,94DE101A,Check-up,93.17,PET-4033,2022-05-19 14:26:19
Rosie,1017,037567A2,Surgery,4980.81,PET-4558,2023-06-14 14:26:19
Rosie,1017,67ED627A,X-ray,803.31,PET-4558,2023-03-03 14:26:19
Rosie,1017,B596E80A,Dental Cleaning,275.77,PET-4558,2022-10-02 14:26:19
Rosie,1017,E320601D,X-ray,306.13,PET-4558,2022-04-17 14:26:19
Rosie,1017,DF2E725F,Surgery,4129.38,PET-4558,2023-04-15 14:26:19
Rosie,1017,ACCE94F1,Lab Test,221.66,PET-4558,2023-03-24 14:26:19
Rosie,1017,1A979D55,Check-up,97.06,PET-4558,2022-12-26 14:26:19
Polly,1019,5EAD1F4D,X-ray,612.82,PET-3718,2022-04-27 14:26:19
Polly,1019,D62CDDA3,Dental Cleaning,135.09,PET-3718,2022-05-31 14:26:19
Polly,1019,2D3D0B55,Dental Cleaning,136.12,PET-3718,2023-02-03 14:26:19
Polly,1019,25881787,Vaccination,52.12,PET-3718,2022-08-08 14:26:19
Polly,1019,D27B5D7D,X-ray,226.35,PET-3718,2022-09-16 14:26:19
Polly,1019,91ABCDDC,X-ray,960.95,PET-3718,2022-05-05 14:26:19
Polly,1019,B413B4B5,X-ray,476.95,PET-3718,2022-06-06 14:26:19
Polly,1019,C39A6FF3,Check-up,146.96,PET-3718,2022-03-17 14:26:19
Hank,1014,0600A769,Surgery,2801.91,PET-7970,2023-06-24 14:26:19
Hank,1014,D9358C6F,X-ray,569.52,PET-7970,2022-10-13 14:26:19
Hank,1014,2B933CA7,X-ray,993.32,PET-7970,2023-03-01 14:26:19
Hank,1014,B196EC41,Vaccination,136.9,PET-7970,2022-01-24 14:26:19
Hank,1014,748D29AB,Surgery,3033.92,PET-7970,2023-03-04 14:26:19
Guy,1006,90B1DB75,Lab Test,331.93,PET-8432,2022-06-08 14:26:19
Guy,1006,108FB429,Surgery,2281.86,PET-8432,2022-05-31 14:26:19
Guy,1006,B22B1D45,X-ray,725.47,PET-8432,2023-02-06 14:26:19
Guy,1006,5ADB5F9F,Vaccination,66.81,PET-8432,2022-02-19 14:26:19
Apollo,1017,153A5BBB,Lab Test,370.33,PET-2855,2023-09-11 14:26:19
Kobe,1008,817AC8C4,Check-up,112.31,PET-8939,2022-02-03 14:26:19
Kobe,1008,4F500851,Check-up,134.63,PET-8939,2023-02-13 14:26:19
Kobe,1008,B7B553F3,Check-up,68.14,PET-8939,2023-01-15 14:26:19
Kobe,1008,2566FF02,Dental Cleaning,275.91,PET-8939,2023-08-28 14:26:19
Kobe,1008,324C8F48,Check-up,55.7,PET-8939,2021-12-24 14:26:19
Kobe,1008,2C9965B1,X-ray,324.03,PET-8939,2022-02-26 14:26:19
Milo,1004,D6D1720F,Check-up,139.02,PET-6319,2022-11-12 14:26:19
Milo,1004,A6048FF8,Vaccination,69.85,PET-6319,2022-05-16 14:26:19
Milo,1004,EC8CD968,X-ray,587.14,PET-6319,2022-08-05 14:26:19
Max,1018,187FED16,Vaccination,196.92,PET-1164,2022-12-01 14:26:19
Max,1018,FF48E583,Surgery,1171.79,PET-1164,2022-08-28 14:26:19
Bo,1015,006741C7,Lab Test,335.55,PET-8086,2023-08-27 14:26:19
Bo,1015,28FF2047,Lab Test,388.96,PET-8086,2022-05-10 14:26:19
Bo,1015,FAF8B10A,Check-up,134.57,PET-8086,2022-05-04 14:26:19
Bo,1015,E9498B6D,X-ray,413.05,PET-8086,2022-06-07 14:26:19
Bo,1015,8BCB59EB,Lab Test,490.49,PET-8086,2023-06-20 14:26:19
Bo,1015,BEB2FD17,Lab Test,383.57,PET-8086,2022-10-15 14:26:19
Bo,1015,77EB8CD9,Check-up,143.27,PET-8086,2022-01-17 14:26:19
Bo,1015,B0E571D0,X-ray,603.45,PET-8086,2023-08-30 14:26:19
Bo,1015,6F75E03A,Check-up,69.39,PET-8086,2022-12-22 14:26:19
Bo,1015,997B3033,Check-up,71.6,PET-8086,2023-11-04 14:26:19
Sparky,1017,9C5A9FCC,Surgery,2323.81,PET-3445,2022-11-14 14:26:19
Sparky,1017,1621E9CE,X-ray,283.71,PET-3445,2022-08-23 14:26:19
Sparky,1017,AF87665B,X-ray,707.71,PET-3445,2023-07-29 14:26:19
Sparky,1017,E80D3A0A,Surgery,1226,PET-3445,2021-12-11 14:26:19
Sparky,1017,354CDABD,Surgery,4162.63,PET-3445,2022-02-19 14:26:19
Sparky,1017,FCA82672,X-ray,676.52,PET-3445,2021-12-07 14:26:19
Sparky,1017,A2B2DB1D,Check-up,60.29,PET-3445,2022-08-03 14:26:19
Sparky,1017,384B84DC,Dental Cleaning,269.83,PET-3445,2023-06-12 14:26:19
Rocky,1013,7FCD9A8C,Lab Test,363.03,PET-9898,2022-08-04 14:26:19
Rocky,1013,47B96E18,Lab Test,188.55,PET-9898,2023-03-17 14:26:19
Rocky,1013,E34A6EED,X-ray,326.01,PET-9898,2021-09-10 14:26:19
Rocky,1013,867C1BA9,Dental Cleaning,188.63,PET-9898,2023-01-31 14:26:19
Rocky,1013,B9935876,Check-up,140.16,PET-9898,2021-12-15 14:26:19
Rocky,1013,6148DAF9,X-ray,785.13,PET-9898,2022-10-16 14:26:19
Rocky,1013,EA548827,Check-up,95.59,PET-9898,2023-08-15 14:26:19
Rocky,1013,5A6DF3A2,Lab Test,390.85,PET-9898,2022-02-03 14:26:19
Rocky,1013,BA1F6275,Vaccination,79.35,PET-9898,2022-03-22 14:26:19
Rocky,1013,F55CAB08,Lab Test,238.92,PET-9898,2022-06-03 14:26:19
Jasper,1007,E79AC87F,X-ray,949.87,PET-3458,2022-05-20 14:26:19
Jasper,1007,ABCEC466,X-ray,263.41,PET-3458,2022-07-01 14:26:19
Jasper,1007,2468A988,Check-up,106.7,PET-3458,2022-05-11 14:26:19
Jasper,1007,AD1921C4,Dental Cleaning,158.3,PET-3458,2021-12-07 14:26:19
Jasper,1007,15E520B4,Lab Test,316.12,PET-3458,2021-10-10 14:26:19
Jasper,1007,6D336FC4,Check-up,139.33,PET-3458,2022-08-19 14:26:19
Jasper,1007,F1639FC4,Dental Cleaning,142.04,PET-3458,2021-11-29 14:26:19
Finn,1015,FF16F682,Lab Test,367.27,PET-9522,2023-03-11 14:26:19
Finn,1015,BED2F4EB,Check-up,120.45,PET-9522,2023-01-31 14:26:19
Finn,1015,4B94FC36,Lab Test,497.19,PET-9522,2021-09-12 14:26:19
Finn,1015,0BF921AC,Vaccination,143.1,PET-9522,2021-10-23 14:26:19
Finn,1015,7CE7576F,Check-up,147.38,PET-9522,2022-11-14 14:26:19
Finn,1015,5E045207,X-ray,802.36,PET-9522,2023-05-20 14:26:19
Finn,1015,66441A9F,Check-up,115.03,PET-9522,2023-01-27 14:26:19
Finn,1015,773E7482,X-ray,896.54,PET-9522,2023-04-11 14:26:19
Finn,1015,5FE7779F,Surgery,4516.97,PET-9522,2023-08-11 14:26:19
Dexter,1015,D7853216,Dental Cleaning,189.7,PET-5104,2021-11-26 14:26:19
Dexter,1015,819541BD,Vaccination,141.67,PET-5104,2021-09-25 14:26:19
Luna,1004,0000534B,X-ray,410.85,PET-1228,2022-11-28 14:26:19
Luna,1004,79C5B1CE,X-ray,923.09,PET-1228,2021-12-26 14:26:19
Luna,1004,81ACCF40,Dental Cleaning,129.09,PET-1228,2022-07-25 14:26:19
Luna,1004,7CC75398,Vaccination,194.67,PET-1228,2022-02-26 14:26:19
Luna,1004,CAF30A13,Vaccination,63.44,PET-1228,2022-06-14 14:26:19
Luna,1004,175A37DE,X-ray,601.71,PET-1228,2021-10-18 14:26:19
Missy,1001,D6E30A73,X-ray,833.39,PET-5837,2022-07-10 14:26:19
Missy,1001,A1E6D994,Check-up,86.56,PET-5837,2023-06-01 14:26:19
Missy,1001,2919A334,Dental Cleaning,171.72,PET-5837,2023-02-23 14:26:19
Missy,1001,D6B552ED,Check-up,88.56,PET-5837,2022-12-11 14:26:19
Missy,1001,FFFDDDF4,X-ray,595.99,PET-5837,2021-10-30 14:26:19
Missy,1001,BCAFC90C,X-ray,859.14,PET-5837,2023-03-17 14:26:19
Missy,1001,FC3622B4,Surgery,4912.08,PET-5837,2021-10-10 14:26:19
Loki,1008,EB8533CF,X-ray,263.33,PET-3482,2022-02-13 14:26:19
Loki,1008,0C28E3DF,Check-up,127.78,PET-3482,2023-01-20 14:26:19
Loki,1008,C3AFDF6E,Vaccination,92.45,PET-3482,2022-09-04 14:26:19
Loki,1008,9D54D472,Check-up,138.14,PET-3482,2022-01-19 14:26:19
Loki,1008,CF3554D4,Vaccination,141.13,PET-3482,2021-10-13 14:26:19
Loki,1008,9788E896,X-ray,768.9,PET-3482,2021-12-08 14:26:19
Loki,1008,452B8714,X-ray,886.13,PET-3482,2023-02-19 14:26:19
Samantha,1012,A7C4A7A2,Lab Test,376.93,PET-8384,2022-06-26 14:26:19
Samantha,1012,E4696978,Lab Test,247.86,PET-8384,2021-11-24 14:26:19
Samantha,1012,D60D916F,X-ray,423.31,PET-8384,2023-01-18 14:26:19
Samantha,1012,B78753C7,X-ray,375.24,PET-8384,2022-01-31 14:26:19
Samantha,1012,430E9B80,Dental Cleaning,271.44,PET-8384,2023-08-05 14:26:19
Bear,1009,27B5DD83,X-ray,842.38,PET-5946,2023-04-10 14:26:19
Bear,1009,74230E5B,Check-up,92.78,PET-5946,2023-02-05 14:26:19
Bear,1009,43380820,X-ray,816.56,PET-5946,2022-05-13 14:26:19
Bear,1009,86BE3C24,Check-up,141.04,PET-5946,2022-11-23 14:26:19
Zorro,1005,A1B7E8E2,X-ray,391.08,PET-9572,2022-12-27 14:26:19
Zorro,1005,8335E1BA,X-ray,484.93,PET-9572,2021-10-27 14:26:19
Zorro,1005,9A7B2F17,Lab Test,194.96,PET-9572,2021-10-05 14:26:19
Bandit,1017,5B0D2D5C,X-ray,877.86,PET-8832,2023-08-22 14:26:19
Juno,1013,F0EF2CB4,Dental Cleaning,286.7,PET-6662,2022-12-07 14:26:19
Juno,1013,B43AB211,X-ray,638.35,PET-6662,2022-11-12 14:26:19
Juno,1013,F95A44D2,Check-up,106.13,PET-6662,2023-06-15 14:26:19
Juno,1013,C9C3CA07,Lab Test,272.51,PET-6662,2021-10-07 14:26:19
Juno,1013,EBFAE5BA,Lab Test,209.69,PET-6662,2023-05-05 14:26:19
Juno,1013,76AC3005,Check-up,142.21,PET-6662,2022-10-10 14:26:19
Nina,1013,76BA6E91,Vaccination,90.27,PET-5378,2023-05-25 14:26:19
Nina,1013,0AE0CE5E,Lab Test,165.44,PET-5378,2023-02-10 14:26:19
Frankie,1006,0F1CABFA,Surgery,3743.71,PET-8466,2021-11-13 14:26:19
Marley,1010,2EB10AFF,Check-up,130.92,PET-1207,2022-05-20 14:26:19
Marley,1010,657AC407,Vaccination,123.26,PET-1207,2023-05-10 14:26:19
Marley,1010,B8DA14FC,Lab Test,491.37,PET-1207,2022-12-19 14:26:19
Bodhi,1002,2222C418,Check-up,143.98,PET-6030,2023-03-04 14:26:19
Bodhi,1002,995BF406,Surgery,1389.79,PET-6030,2022-03-12 14:26:19
Bodhi,1002,A2E326BE,Dental Cleaning,217.08,PET-6030,2023-01-19 14:26:19
Bodhi,1002,8088636F,Dental Cleaning,274.55,PET-6030,2023-07-04 14:26:19
Bodhi,1002,461BFF31,Check-up,64.81,PET-6030,2022-11-29 14:26:19
Bodhi,1002,A237B4A3,Check-up,136.77,PET-6030,2022-11-22 14:26:19
Bodhi,1002,55E5AB3E,X-ray,743.3,PET-6030,2021-12-31 14:26:19
Bodhi,1002,51104734,Lab Test,206.96,PET-6030,2023-07-06 14:26:19
Zara,1010,64772BA9,X-ray,204.74,PET-6607,2023-04-02 14:26:19
Zara,1010,6191510B,Lab Test,473.89,PET-6607,2021-09-17 14:26:19
Zara,1010,D0F49164,Dental Cleaning,145.55,PET-6607,2023-03-24 14:26:19
Zara,1010,885A01A3,Lab Test,309.9,PET-6607,2022-10-13 14:26:19
Zara,1010,CB70156C,Check-up,87.9,PET-6607,2023-07-30 14:26:19
Zara,1010,B7323EFD,Check-up,59.52,PET-6607,2022-09-24 14:26:19
Zara,1010,FE6ECD0B,X-ray,473.06,PET-6607,2022-06-05 14:26:19
Bruno,1018,D8EA8491,Lab Test,254.09,PET-5992,2022-12-29 14:26:19
Bruno,1018,9Dec1632,Dental Cleaning,153.05,PET-5992,2022-03-25 14:26:19
Bruno,1018,F97CA74D,Lab Test,171.27,PET-5992,2022-07-28 14:26:19
Bruno,1018,FDE51F2C,Dental Cleaning,261.6,PET-5992,2022-04-14 14:26:19
Bruno,1018,AE2F7EF9,Vaccination,165.96,PET-5992,2022-07-11 14:26:19
Bruno,1018,9F283680,Lab Test,194.66,PET-5992,2022-07-09 14:26:19
Bubbles,1009,7D1BBDA9,Lab Test,176.91,PET-8361,2023-01-22 14:26:19
Bubbles,1009,5EB9BC54,Vaccination,116.45,PET-8361,2022-07-16 14:26:19
Bubbles,1009,A49078A8,Check-up,145.79,PET-8361,2022-01-30 14:26:19
Bubbles,1009,CCDADED6,Vaccination,136.76,PET-8361,2022-02-03 14:26:19
Bubbles,1009,4DBA22A1,Check-up,117.86,PET-8361,2022-09-29 14:26:19
Bubbles,1009,B2DC874C,Vaccination,129.56,PET-8361,2022-07-15 14:26:19
Bubbles,1009,42D700A5,Lab Test,420.02,PET-8361,2022-06-18 14:26:19
Bubbles,1009,2CAB162F,Surgery,4406.31,PET-8361,2023-04-18 14:26:19
Bubbles,1009,4C705951,Check-up,113.64,PET-8361,2022-08-30 14:26:19
Bubbles,1009,0AA5D860,Check-up,141.63,PET-8361,2022-09-29 14:26:19
Violet,1014,82BFE709,X-ray,546.8,PET-5095,2022-07-27 14:26:19
Violet,1014,2C1F542A,Check-up,145.6,PET-5095,2021-11-29 14:26:19
Violet,1014,0CDD4BB2,X-ray,377.1,PET-5095,2022-09-17 14:26:19
Violet,1014,4911D693,Vaccination,78.14,PET-5095,2022-11-04 14:26:19
Violet,1014,DEC78CBB,Surgery,1478.02,PET-5095,2021-10-20 14:26:19
Violet,1014,F465E137,Vaccination,54.24,PET-5095,2022-12-19 14:26:19
Violet,1014,361ADE97,X-ray,680.69,PET-5095,2023-06-16 14:26:19
Violet,1014,25DE5F65,Check-up,130.87,PET-5095,2023-09-29 14:26:19
Violet,1014,8B833C70,Dental Cleaning,202.34,PET-5095,2022-02-04 14:26:19
Violet,1014,1D98C618,Dental Cleaning,123.11,PET-5095,2023-09-07 14:26:19
Lucy,1015,E10096D4,Lab Test,231.94,PET-1491,2022-05-07 14:26:19
Lucy,1015,214D8038,Surgery,4694.57,PET-1491,2022-03-10 14:26:19
Lucy,1015,3B199986,Dental Cleaning,175.04,PET-1491,2023-02-26 14:26:19
Lucy,1015,3F5F4EAC,Check-up,67.52,PET-1491,2023-01-05 14:26:19
Lucy,1015,69664DDD,Surgery,4926.85,PET-1491,2022-08-31 14:26:19
Lucy,1015,A38E7DF6,X-ray,411.07,PET-1491,2021-11-12 14:26:19
Lucy,1015,49AC1C65,Check-up,93.02,PET-1491,2023-02-13 14:26:19
Lucy,1015,F70F1751,X-ray,779.25,PET-1491,2022-05-19 14:26:19
Lucy,1015,6C58F578,Surgery,4698.06,PET-1491,2022-03-01 14:26:19
Lucy,1015,000F6DE4,Surgery,3565.08,PET-1491,2023-04-26 14:26:19
Maverick,1017,79C39DCB,X-ray,271.92,PET-2961,2022-01-03 14:26:19
Maverick,1017,1DAEB078,Check-up,74.08,PET-2961,2021-11-15 14:26:19
Maverick,1017,39736C77,Vaccination,116.45,PET-2961,2023-09-08 14:26:19
Maverick,1017,1B395EA0,Vaccination,155.54,PET-2961,2022-03-20 14:26:19
Pinto,1006,7811F423,Lab Test,165.86,PET-8108,2023-05-25 14:26:19
Pinto,1006,127BCC65,Dental Cleaning,196.6,PET-8108,2022-04-06 14:26:19
Pinto,1006,D1CD6433,Check-up,51.43,PET-8108,2023-05-18 14:26:19
Pinto,1006,FF590F83,X-ray,661.84,PET-8108,2022-11-15 14:26:19
Pinto,1006,361A9FD1,Surgery,1244.54,PET-8108,2023-08-19 14:26:19
Pinto,1006,30D7024D,X-ray,834.78,PET-8108,2023-08-31 14:26:19
Simba,1018,AB3253BF,Check-up,135.5,PET-2180,2021-10-26 14:26:19
Simba,1018,C3B63A6F,Check-up,83.72,PET-2180,2022-10-12 14:26:19
Simba,1018,CB948815,Surgery,3517.92,PET-2180,2021-12-26 14:26:19
Simba,1018,C2B71C9B,Surgery,1038.61,PET-2180,2021-10-24 14:26:19
Simba,1018,D2927C84,Lab Test,251.32,PET-2180,2023-05-12 14:26:19
Simba,1018,C71B6B2E,X-ray,955.95,PET-2180,2022-05-26 14:26:19
Simba,1018,F696C6DE,Dental Cleaning,128.26,PET-2180,2022-04-16 14:26:19
Simba,1018,0305FA86,Check-up,146.1,PET-2180,2023-05-08 14:26:19
Simba,1018,B4E00080,Dental Cleaning,292.68,PET-2180,2022-03-08 14:26:19
Simba,1018,6550689A,Dental Cleaning,263.29,PET-2180,2022-08-20 14:26:19
Blue,1013,82E285B5,Vaccination,52.16,PET-4079,2021-12-30 14:26:19
Blue,1013,0D8900C3,Vaccination,185.85,PET-4079,2021-10-17 14:26:19
Blue,1013,C9CA04A7,X-ray,985.05,PET-4079,2023-04-04 14:26:19
Blue,1013,FD492D17,Surgery,2054.21,PET-4079,2022-01-27 14:26:19
Leo,1018,D8DBE9DC,Check-up,62.17,PET-1546,2021-12-22 14:26:19
Leo,1018,EC37199B,Check-up,136.59,PET-1546,2022-06-03 14:26:19
Leo,1018,9807E594,Check-up,140.14,PET-1546,2022-07-24 14:26:19
Leo,1018,540B6E9D,Check-up,71.54,PET-1546,2023-06-13 14:26:19
Tank,1019,B50411F1,Surgery,3582.62,PET-8247,2023-03-09 14:26:19
Tank,1019,4C1E44CA,Surgery,1857.32,PET-8247,2021-11-26 14:26:19
Tank,1019,0F267DFE,X-ray,973.96,PET-8247,2022-03-12 14:26:19
Tank,1019,1E8CB7AE,Dental Cleaning,179.17,PET-8247,2023-01-08 14:26:19
Mocha,1015,910620AA,Check-up,87.94,PET-9039,2023-02-13 14:26:19
Mocha,1015,C63AB9D2,Vaccination,54.88,PET-9039,2022-09-29 14:26:19
Mocha,1015,FF0978B6,Lab Test,423.67,PET-9039,2023-01-28 14:26:19
Mocha,1015,C30B0FEA,Vaccination,138.5,PET-9039,2021-09-02 14:26:19
Mocha,1015,97A95A80,Vaccination,173.46,PET-9039,2023-07-24 14:26:19
Mocha,1015,12E19656,Dental Cleaning,175.43,PET-9039,2022-04-03 14:26:19
Mocha,1015,8992B682,Check-up,136.24,PET-9039,2021-08-26 14:26:19
Mocha,1015,30A2340C,Dental Cleaning,296.33,PET-9039,2023-04-26 14:26:19
Mocha,1015,153A5288,Surgery,4990.63,PET-9039,2023-01-28 14:26:19
Jet,1008,F0A12027,Check-up,53.09,PET-4169,2021-11-02 14:26:19
Jet,1008,C721C39A,Dental Cleaning,153.26,PET-4169,2021-12-09 14:26:19
Jet,1008,021F5EA1,Dental Cleaning,204.86,PET-4169,2023-05-20 14:26:19
Jet,1008,363D25BA,X-ray,545,PET-4169,2023-07-11 14:26:19
Jet,1008,01B89556,Surgery,3911.34,PET-4169,2022-01-13 14:26:19
Riley,1006,7ADD5968,Lab Test,155.72,PET-6796,2023-01-28 14:26:19
Riley,1006,FF55A12B,Dental Cleaning,177.43,PET-6796,2022-06-23 14:26:19
Riley,1006,8E7AC82B,Dental Cleaning,264.28,PET-6796,2023-08-02 14:26:19
Junior,1010,65898C33,X-ray,489.56,PET-5688,2023-06-17 14:26:19
Junior,1010,9FF8F567,Check-up,148.44,PET-5688,2022-02-09 14:26:19
Junior,1010,7674CAFA,Vaccination,93.87,PET-5688,2023-03-17 14:26:19
Piper,1018,52BB6125,Check-up,115.6,PET-2756,2022-06-03 14:26:19
Piper,1018,5DA4E43D,Dental Cleaning,133.7,PET-2756,2022-07-05 14:26:19
Piper,1018,CD687C88,Check-up,107.21,PET-2756,2022-02-21 14:26:19
Piper,1018,D524E42A,X-ray,440.13,PET-2756,2022-01-24 14:26:19
Piper,1018,67BFB8C4,Lab Test,472.08,PET-2756,2021-12-31 14:26:19
Piper,1018,E05546B1,Vaccination,121.15,PET-2756,2023-07-14 14:26:19
Piper,1018,E9B3F0BA,Surgery,4649.26,PET-2756,2023-01-22 14:26:19
Whiskey,1013,5F683354,Dental Cleaning,278.37,PET-4638,2022-05-31 14:26:19
Whiskey,1013,694BB343,Check-up,55.94,PET-4638,2022-07-19 14:26:19
Whiskey,1013,94C936E2,Vaccination,120.8,PET-4638,2021-12-23 14:26:19
Whiskey,1013,6CDD3352,X-ray,372.28,PET-4638,2022-09-06 14:26:19
Whiskey,1013,E085D8BD,Vaccination,90.64,PET-4638,2022-03-10 14:26:19
Maya,1016,9453DD83,Check-up,63.2,PET-1776,2022-10-22 14:26:19
Maya,1016,573EB353,Check-up,92.74,PET-1776,2023-07-28 14:26:19
Maya,1016,7A89DC75,Surgery,2043.56,PET-1776,2023-04-05 14:26:19
Maya,1016,B87EF467,Dental Cleaning,170.44,PET-1776,2022-09-25 14:26:19
Maya,1016,0FA00AA3,X-ray,299.95,PET-1776,2023-03-23 14:26:19
Maya,1016,0DD264DA,Vaccination,157.4,PET-1776,2022-01-08 14:26:19
Maya,1016,72E31CB7,X-ray,325.01,PET-1776,2022-02-03 14:26:19
Shadow,1011,B6D060A3,Dental Cleaning,200.69,PET-9286,2023-07-06 14:26:19
Titan,1018,6674FF27,Dental Cleaning,259.43,PET-2829,2022-07-26 14:26:19
Titan,1018,48D46051,Surgery,4194.48,PET-2829,2022-07-08 14:26:19
Titan,1018,34DDB3EB,Lab Test,368.73,PET-2829,2023-04-20 14:26:19
Titan,1018,C982F914,Lab Test,172.28,PET-2829,2022-10-19 14:26:19
Titan,1018,2.92E+65,X-ray,976.89,PET-2829,2022-04-11 14:26:19
Titan,1018,E3C476F9,Check-up,61.39,PET-2829,2023-03-05 14:26:19
Titan,1018,30DBF40B,Check-up,136.49,PET-2829,2023-02-11 14:26:19
Titan,1018,A5CC7428,Check-up,105.75,PET-2829,2023-08-03 14:26:19
Titan,1018,8F388645,Check-up,71.2,PET-2829,2023-08-10 14:26:19
Titan,1018,9E58158D,Dental Cleaning,250.91,PET-2829,2023-01-22 14:26:19
Fifi,1018,96DBD6F8,Surgery,1872.66,PET-9302,2023-05-12 14:26:19
Fifi,1018,35C2CAA1,Check-up,118.53,PET-9302,2023-05-22 14:26:19
Fifi,1018,A8A34D07,Check-up,85.53,PET-9302,2022-01-18 14:26:19
Scout,1005,6F2BB7DD,X-ray,917.69,PET-7041,2022-03-10 14:26:19
Scout,1005,5FA32109,Surgery,2491.36,PET-7041,2022-05-28 14:26:19
Scout,1005,C4E4316C,Check-up,57.08,PET-7041,2022-01-23 14:26:19
Scout,1005,20B40C50,Lab Test,413.49,PET-7041,2022-12-31 14:26:19
Scout,1005,2401E5DF,Lab Test,410.25,PET-7041,2022-03-31 14:26:19
Scout,1005,AC9B98C8,Dental Cleaning,209.57,PET-7041,2022-12-27 14:26:19
Scout,1005,9B75A092,Check-up,76.36,PET-7041,2022-03-22 14:26:19
Scout,1005,D9748E82,Check-up,71.85,PET-7041,2022-01-08 14:26:19
Scout,1005,BDB1C5D9,Check-up,149.22,PET-7041,2022-03-06 14:26:19
Scout,1005,FE5147EC,Vaccination,88.15,PET-7041,2022-01-30 14:26:19
Blast,1004,F6F9ECD8,Vaccination,186.42,PET-6626,2022-06-05 14:26:19
Blast,1004,AB69EACB,Dental Cleaning,264.57,PET-6626,2023-09-09 14:26:19
Blast,1004,D8273D3B,X-ray,717.39,PET-6626,2023-09-25 14:26:19
Blast,1004,0DC4D1EF,Dental Cleaning,274.96,PET-6626,2023-05-17 14:26:19
Blast,1004,1443705B,Check-up,107.97,PET-6626,2021-12-01 14:26:19
Blast,1004,6767A253,Lab Test,290.98,PET-6626,2022-06-09 14:26:19
Blast,1004,5916A03F,Dental Cleaning,254.71,PET-6626,2023-06-21 14:26:19
Blast,1004,A903D86C,Surgery,2435.47,PET-6626,2022-01-03 14:26:19
Blast,1004,4DE241D2,Vaccination,74.12,PET-6626,2022-04-10 14:26:19
Blast,1004,CFF9CBA5,Lab Test,310.72,PET-6626,2022-09-12 14:26:19
Louie,1012,9245F2E1,Check-up,123.05,PET-8998,2022-12-23 14:26:19
Louie,1012,CFB96EBA,Check-up,112.75,PET-8998,2023-04-04 14:26:19
Louie,1012,27F0FE0A,X-ray,563.37,PET-8998,2022-09-17 14:26:19
Louie,1012,A0385008,Dental Cleaning,198.11,PET-8998,2021-12-27 14:26:19
Louie,1012,FE8DB93D,Vaccination,89.66,PET-8998,2022-08-15 14:26:19
Louie,1012,70A89F20,Check-up,138.14,PET-8998,2023-08-04 14:26:19
Nala,1018,808220FC,Lab Test,166.58,PET-5189,2021-12-27 14:26:19
Winnie,1010,DE153801,Dental Cleaning,137.04,PET-6543,2021-09-24 14:26:19
Winnie,1010,C2F357F2,Check-up,128.41,PET-6543,2022-12-13 14:26:19
Winnie,1010,9542FF07,Dental Cleaning,143.62,PET-6543,2022-01-15 14:26:19
Winnie,1010,022FEBEC,Dental Cleaning,251.14,PET-6543,2022-03-09 14:26:19
Winnie,1010,A67807FC,Dental Cleaning,155.41,PET-6543,2022-11-21 14:26:19
Winnie,1010,277F04FE,Check-up,105.9,PET-6543,2022-03-05 14:26:19
Winnie,1010,7CCD5484,X-ray,323.33,PET-6543,2023-01-10 14:26:19
Winnie,1010,6.49E+174,X-ray,557.93,PET-6543,2021-11-07 14:26:19
Winnie,1010,59B82B0D,Check-up,89.45,PET-6543,2023-08-12 14:26:19
Winnie,1010,4DAF47B4,Surgery,3060.33,PET-6543,2022-06-22 14:26:19
Axel,1001,24C44891,Lab Test,354.48,PET-6020,2022-06-04 14:26:19
Axel,1001,FC92CA7F,Check-up,141.15,PET-6020,2022-08-28 14:26:19
Axel,1001,8F487255,Lab Test,310.29,PET-6020,2023-09-07 14:26:19
Axel,1001,84AC09FF,Check-up,118.1,PET-6020,2022-07-30 14:26:19
Axel,1001,00732DC1,Vaccination,138.49,PET-6020,2022-11-11 14:26:19
Axel,1001,9CFE5138,Check-up,108.3,PET-6020,2022-06-13 14:26:19
Axel,1001,7FA59EFF,Dental Cleaning,205.79,PET-6020,2022-08-18 14:26:19
Benny,1014,BD9B37BD,Dental Cleaning,209.22,PET-3955,2023-04-14 14:26:19
Benny,1014,2DEED3B4,Check-up,102.2,PET-3955,2023-04-25 14:26:19
Benny,1014,CDA5280C,Check-up,107.43,PET-3955,2022-02-02 14:26:19
Benny,1014,A3D9FFDD,Check-up,115.17,PET-3955,2023-03-10 14:26:19
Benny,1014,CCB8F08E,Check-up,92.09,PET-3955,2022-09-02 14:26:19
Cody,1017,4AE66BD0,Lab Test,387.87,PET-4454,2023-03-24 14:26:19
Cody,1017,EDFCC3A2,Lab Test,391.44,PET-4454,2023-08-05 14:26:19
Cody,1017,22281E0E,Vaccination,155.87,PET-4454,2023-02-06 14:26:19
Cody,1017,5615483E,Check-up,55.24,PET-4454,2022-10-25 14:26:19
Cody,1017,27FC7DF3,Lab Test,289.24,PET-4454,2023-07-21 14:26:19
Cody,1017,EE27A1DC,Dental Cleaning,111.25,PET-4454,2021-11-17 14:26:19
Zeke,1002,3FAE794F,X-ray,929.98,PET-9565,2023-04-13 14:26:19
Zeke,1002,7F1994B1,X-ray,330.61,PET-9565,2022-04-21 14:26:19
Zeke,1002,FD99EC79,Lab Test,292.88,PET-9565,2023-05-12 14:26:19
Zeke,1002,E7AF237D,Check-up,92.85,PET-9565,2023-06-23 14:26:19
Zeke,1002,771653CE,X-ray,567.14,PET-9565,2022-05-21 14:26:19
Zeke,1002,C03752B2,Dental Cleaning,136.94,PET-9565,2023-05-12 14:26:19
Zeke,1002,716D08DE,Surgery,1203.24,PET-9565,2022-10-30 14:26:19
Teddy,1012,056FF305,Check-up,73,PET-6201,2022-01-26 14:26:19
Teddy,1012,049F8F87,Lab Test,314.54,PET-6201,2022-04-07 14:26:19
Teddy,1012,7C6292C7,Check-up,50.73,PET-6201,2022-09-12 14:26:19
Teddy,1012,B006B8E8,Vaccination,166.07,PET-6201,2023-08-19 14:26:19
Teddy,1012,D87B0006,Surgery,4715.63,PET-6201,2021-10-26 14:26:19
Zeus,1017,B01B9B27,X-ray,202.49,PET-1392,2021-12-15 14:26:19
Zeus,1017,5639FC17,Check-up,96.45,PET-1392,2023-09-06 14:26:19
Zeus,1017,1A47AA01,X-ray,934.74,PET-1392,2022-09-10 14:26:19
Zeus,1017,6DED051C,Vaccination,190.11,PET-1392,2022-08-30 14:26:19
Zeus,1017,5DA96C9D,Surgery,4343.81,PET-1392,2021-10-24 14:26:19
Zeus,1017,94FE5B13,X-ray,906.09,PET-1392,2022-02-06 14:26:19
Zeus,1017,8A8F973A,Lab Test,400.32,PET-1392,2023-02-02 14:26:19
Zeus,1017,37FEA138,Vaccination,109.59,PET-1392,2022-09-01 14:26:19
Zeus,1017,76448FBE,Check-up,62.54,PET-1392,2023-01-12 14:26:19
Gracie,1009,4DBBC2D2,X-ray,635,PET-5907,2021-10-16 14:26:19
Gracie,1009,01E09BE0,Dental Cleaning,110.01,PET-5907,2022-07-21 14:26:19
Gracie,1009,22CEFFB5,Dental Cleaning,289.33,PET-5907,2022-11-01 14:26:19
Gracie,1009,8979417F,X-ray,984.33,PET-5907,2022-09-13 14:26:19
Jack,1020,6F463E87,Dental Cleaning,218.29,PET-8903,2022-01-03 14:26:19
Jack,1020,A1689999,Surgery,1840.08,PET-8903,2023-04-05 14:26:19
Jack,1020,FBAB129A,Vaccination,140.3,PET-8903,2022-10-20 14:26:19
Jack,1020,A1CF9D0B,X-ray,317.54,PET-8903,2022-08-31 14:26:19
Jack,1020,41EC1000,X-ray,810.27,PET-8903,2021-11-17 14:26:19
Jack,1020,3122AC4B,Lab Test,144.79,PET-8903,2023-08-16 14:26:19
Jack,1020,A7D35891,Vaccination,128.43,PET-8903,2022-06-14 14:26:19
Jack,1020,A5BFD81C,X-ray,776.13,PET-8903,2022-07-11 14:26:19
Jack,1020,65FF8180,Vaccination,100.16,PET-8903,2023-07-14 14:26:19
Bailey,1006,1882AEAC,Vaccination,127.18,PET-8181,2023-02-10 14:26:19
Bailey,1006,860237DA,Check-up,130.77,PET-8181,2023-01-12 14:26:19
Bailey,1006,C7418F6F,Check-up,92.5,PET-8181,2022-04-21 14:26:19
Thor,1011,DE9A4681,X-ray,932.05,PET-9060,2021-12-03 14:26:19
Thor,1011,9A5CCE1F,Vaccination,125.87,PET-9060,2022-10-02 14:26:19
Thor,1011,BC34E449,Check-up,121.4,PET-9060,2022-03-15 14:26:19
Thor,1011,7.45E+05,X-ray,909.63,PET-9060,2022-02-08 14:26:19
Thor,1011,403C6A91,Lab Test,371.72,PET-9060,2022-02-14 14:26:19
Thor,1011,597B3093,Lab Test,338.62,PET-9060,2021-12-16 14:26:19
Thor,1011,2178DA16,Dental Cleaning,125.47,PET-9060,2022-12-07 14:26:19
Penny,1001,72BE2298,X-ray,615.9,PET-1494,2022-01-20 14:26:19
Penny,1001,AD28D38D,Dental Cleaning,145.93,PET-1494,2022-07-28 14:26:19
Penny,1001,A793A7F6,Vaccination,179.23,PET-1494,2023-08-08 14:26:19
Penny,1001,E9BFE539,Vaccination,175.25,PET-1494,2023-07-29 14:26:19
Penny,1001,D2D1CB81,Surgery,3067.96,PET-1494,2022-10-08 14:26:19
Penny,1001,E3A151F4,Dental Cleaning,100.74,PET-1494,2022-07-01 14:26:19
Penny,1001,E48F7685,Dental Cleaning,223.91,PET-1494,2022-12-21 14:26:19
Penny,1001,37FCB910,Check-up,97.33,PET-1494,2022-08-13 14:26:19
Cleopatra,1010,2AA493A4,Check-up,86.36,PET-7204,2022-10-22 14:26:19
Cleopatra,1010,44643F4B,X-ray,359.8,PET-7204,2023-02-14 14:26:19
Cleopatra,1010,405724A8,Dental Cleaning,242.36,PET-7204,2023-06-29 14:26:19
Cleopatra,1010,410A1B90,Surgery,1469.3,PET-7204,2021-09-22 14:26:19
Diesel,1000,1EAFC5A4,Check-up,102.51,PET-8863,2022-08-12 14:26:19
Diesel,1000,620DB224,Dental Cleaning,215.75,PET-8863,2023-08-29 14:26:19
Diesel,1000,859463C4,Surgery,4285.69,PET-8863,2023-02-13 14:26:19
Diesel,1000,B81E9A98,Lab Test,224.68,PET-8863,2023-04-09 14:26:19
Diesel,1000,92702EF6,Dental Cleaning,139.68,PET-8863,2021-09-23 14:26:19
Diesel,1000,5C3E3B60,Dental Cleaning,195.25,PET-8863,2023-08-26 14:26:19
Hunter,1010,301C03FF,Lab Test,179.26,PET-6270,2023-05-16 14:26:19
Hunter,1010,D3CED6F3,Dental Cleaning,137.07,PET-6270,2023-06-22 14:26:19
Hunter,1010,FD2ADB08,Check-up,52.74,PET-6270,2022-07-12 14:26:19
Hunter,1010,03A9384E,X-ray,671.4,PET-6270,2022-12-22 14:26:19
Hunter,1010,F5F1F789,X-ray,312.29,PET-6270,2022-12-27 14:26:19
Hunter,1010,58E05ABC,Check-up,80.85,PET-6270,2022-07-20 14:26:19
Hunter,1010,46DCE10A,X-ray,730.82,PET-6270,2023-06-07 14:26:19
Pepper,1001,866CB3BD,Check-up,106.46,PET-5793,2021-11-27 14:26:19
Pepper,1001,161968F4,Surgery,4263.77,PET-5793,2021-09-02 14:26:19
Pepper,1001,BE6F03F8,X-ray,614.44,PET-5793,2022-04-05 14:26:19
Pepper,1001,41A83F59,Vaccination,179.27,PET-5793,2022-01-23 14:26:19
Pepper,1001,2E54D40D,X-ray,212.38,PET-5793,2022-10-26 14:26:19
Sissy,1004,34A2DDB8,Check-up,149.12,PET-2273,2022-05-28 14:26:19
Sissy,1004,AD26FBA7,Lab Test,413.62,PET-2273,2023-07-22 14:26:19
Sissy,1004,4C4FC826,X-ray,885.92,PET-2273,2023-08-09 14:26:19
Sissy,1004,8CECDE93,Surgery,3890.21,PET-2273,2022-11-30 14:26:19
Sissy,1004,47AA6BE1,Check-up,142.5,PET-2273,2022-07-22 14:26:19
Sissy,1004,D1953E78,Lab Test,455.75,PET-2273,2022-05-03 14:26:19
Kai,1008,EA941DC1,Surgery,4712.21,PET-3909,2022-12-24 14:26:19
Kai,1008,4B7FC667,Check-up,116.24,PET-3909,2022-01-11 14:26:19
Kai,1008,1D37FDF5,Check-up,107.1,PET-3909,2022-09-21 14:26:19
Ziggy,1018,37D0B5E9,Check-up,70.84,PET-2447,2023-06-12 14:26:19
Ziggy,1018,2883C0C6,X-ray,865.38,PET-2447,2022-12-14 14:26:19
Jax,1014,B76A4D08,Check-up,102.04,PET-4070,2023-06-16 14:26:19
Jax,1014,4E33A86B,Check-up,62.37,PET-4070,2023-01-23 14:26:19
Jax,1014,2CFDE02F,Check-up,70.97,PET-4070,2023-02-16 14:26:19
Jax,1014,6E102A34,Lab Test,307.98,PET-4070,2022-04-10 14:26:19
Jax,1014,0D60B36F,Check-up,101.1,PET-4070,2022-12-21 14:26:19
Jax,1014,06E00CAC,Check-up,60.05,PET-4070,2023-02-08 14:26:19
Jax,1014,F16F0870,X-ray,868.66,PET-4070,2022-11-18 14:26:19
Jax,1014,0079F942,X-ray,625.52,PET-4070,2023-04-13 14:26:19
Jax,1014,7889F9F8,Check-up,101.16,PET-4070,2021-09-23 14:26:19
Jax,1014,E98CCEE1,Check-up,87.75,PET-4070,2022-02-03 14:26:19
Sage,1001,5C631080,Check-up,123.61,PET-7137,2022-12-01 14:26:19
Sage,1001,CF663027,Surgery,1779.76,PET-7137,2022-05-14 14:26:19
Sage,1001,B492B0E5,Surgery,2439.02,PET-7137,2022-10-01 14:26:19
Sage,1001,747319DE,X-ray,947.25,PET-7137,2023-01-19 14:26:19
Sage,1001,F0A4C802,Vaccination,79.24,PET-7137,2022-04-22 14:26:19
Sage,1001,53AE7F7F,Surgery,3819.36,PET-7137,2022-09-01 14:26:19
Rocco,1015,44195A02,Check-up,148.89,PET-9904,2021-12-27 14:26:19
Rocco,1015,BFEE33CD,Lab Test,360.41,PET-9904,2023-07-11 14:26:19
Rocco,1015,C78CD631,Check-up,143.68,PET-9904,2022-04-23 14:26:19
Rocco,1015,363EA396,Lab Test,120.23,PET-9904,2023-05-25 14:26:19
Holly,1018,37165748,Surgery,2676.31,PET-7597,2023-01-13 14:26:19
Peanut,1012,1E8222A1,X-ray,809.81,PET-8436,2022-05-23 14:26:19
Peanut,1012,262830A8,Check-up,88.1,PET-8436,2022-06-09 14:26:19
Peanut,1012,2D90D170,Check-up,87.58,PET-8436,2022-01-11 14:26:19
Peanut,1012,8F216D04,Check-up,128.87,PET-8436,2023-02-02 14:26:19
Peanut,1012,2462607C,Vaccination,164.6,PET-8436,2021-12-19 14:26:19
Peanut,1012,868525A3,Dental Cleaning,169.04,PET-8436,2022-12-06 14:26:19
Peanut,1012,009B3165,Dental Cleaning,254.21,PET-8436,2022-10-22 14:26:19
Peanut,1012,69B6D125,Check-up,59.16,PET-8436,2021-10-28 14:26:19
Peanut,1012,E06A9FAD,Check-up,95.98,PET-8436,2022-02-07 14:26:19
Odie,1009,5D68F33B,Lab Test,462.95,PET-2475,2022-04-28 14:26:19
Odie,1009,E6406DAC,Vaccination,145.26,PET-2475,2022-08-30 14:26:19
Odie,1009,3ADDCC6A,Check-up,106.64,PET-2475,2023-04-01 14:26:19
Odie,1009,9CBBA11F,X-ray,805.86,PET-2475,2022-09-02 14:26:19
Odie,1009,EAEFF127,Check-up,102.6,PET-2475,2023-10-05 14:26:19
Odie,1009,88954DEF,X-ray,284.75,PET-2475,2022-04-11 14:26:19
Odie,1009,8CD2EAE9,X-ray,933.23,PET-2475,2022-09-12 14:26:19
Odie,1009,516E1668,Dental Cleaning,247.13,PET-2475,2022-02-03 14:26:19
Odie,1009,F2DA47E0,Lab Test,496.53,PET-2475,2023-08-25 14:26:19
Odie,1009,CB8D6337,Surgery,3722.73,PET-2475,2022-09-07 14:26:19
Maggie,1004,EB97BC12,Check-up,119.01,PET-5981,2021-10-15 14:26:19
Maggie,1004,100D9775,Check-up,54.9,PET-5981,2022-10-20 14:26:19
Maggie,1004,4F8739E6,X-ray,407.85,PET-5981,2022-11-23 14:26:19
Maggie,1004,16E0C595,Lab Test,224.56,PET-5981,2022-03-09 14:26:19
Maggie,1004,DD8A23E6,Dental Cleaning,214.89,PET-5981,2023-01-18 14:26:19
Zoe,1018,12CDA794,X-ray,962.85,PET-9228,2022-07-10 14:26:19
Zoe,1018,F0E0FC45,Dental Cleaning,271.48,PET-9228,2022-04-09 14:26:19
Zoe,1018,4B3CE058,Lab Test,235.12,PET-9228,2022-09-15 14:26:19
Zoe,1018,0C653A0B,Check-up,71.29,PET-9228,2021-09-23 14:26:19
Moose,1016,C6AAC935,Dental Cleaning,259.05,PET-5331,2023-02-25 14:26:19
Moose,1016,FEBB1F49,Dental Cleaning,269.24,PET-5331,2022-01-14 14:26:19
Moose,1016,BB124E0F,Check-up,143.2,PET-5331,2023-01-17 14:26:19
Moose,1016,0C4DBD34,Dental Cleaning,126.59,PET-5331,2023-03-06 14:26:19
Moose,1016,1BE9A1B0,Dental Cleaning,121.22,PET-5331,2021-11-22 14:26:19
Harley,1015,84658586,Check-up,107.65,PET-4560,2022-08-17 14:26:19
Harley,1015,7791C514,Dental Cleaning,145.16,PET-4560,2022-08-19 14:26:19
Harley,1015,80CC0F11,Vaccination,104.89,PET-4560,2022-03-11 14:26:19
Harley,1015,A4A62F8D,Dental Cleaning,216.37,PET-4560,2021-12-05 14:26:19
Harley,1015,4175EE4D,Surgery,3529.48,PET-4560,2023-09-25 14:26:19
Harley,1015,02AA14B5,Check-up,62.88,PET-4560,2022-04-01 14:26:19
Harley,1015,B9D5CA3E,Dental Cleaning,147.68,PET-4560,2022-03-21 14:26:19
Harley,1015,8D650E21,Surgery,3376.78,PET-4560,2023-06-12 14:26:19
Harley,1015,FA0A0DB6,Check-up,102.2,PET-4560,2023-05-23 14:26:19
Bingo,1013,FF19306E,Dental Cleaning,267.8,PET-4327,2023-07-16 14:26:19
Bingo,1013,4548DDA4,Check-up,88.1,PET-4327,2022-10-19 14:26:19
Bingo,1013,47D8C909,X-ray,705.46,PET-4327,2022-04-16 14:26:19
Bingo,1013,E7043305,Check-up,129.03,PET-4327,2023-05-18 14:26:19
Bingo,1013,C7E24E9C,X-ray,620.28,PET-4327,2023-08-12 14:26:19
Bingo,1013,5B7A40BF,Surgery,4068.3,PET-4327,2023-08-30 14:26:19
Bingo,1013,D44D4301,Surgery,2262.8,PET-4327,2023-04-23 14:26:19
Chewy,1016,B5048552,Surgery,1869.31,PET-6013,2022-08-07 14:26:19
Chewy,1016,F0BB1271,Surgery,1250.06,PET-6013,2023-09-09 14:26:19
Chewy,1016,7FBA3249,Dental Cleaning,286.05,PET-6013,2023-07-23 14:26:19
Chewy,1016,F26B2819,Check-up,65.06,PET-6013,2022-03-03 14:26:19
Chewy,1016,D720C74E,Vaccination,102.51,PET-6013,2022-04-26 14:26:19
Chewy,1016,9141C9D8,Surgery,1917.61,PET-6013,2023-06-19 14:26:19
Chewy,1016,27F008DB,X-ray,427.44,PET-6013,2023-01-10 14:26:19
Chewy,1016,2645730E,Dental Cleaning,235.58,PET-6013,2023-01-22 14:26:19
Cooper,1005,D09CB3F1,Check-up,108.27,PET-7513,2022-08-08 14:26:19
Cooper,1005,E50EBA40,Dental Cleaning,130.77,PET-7513,2021-10-01 14:26:19
Cooper,1005,C0AF946B,Dental Cleaning,178.79,PET-7513,2022-08-04 14:26:19
Cooper,1005,6AE302AD,Check-up,55.85,PET-7513,2021-11-27 14:26:19
Cooper,1005,7F24E369,Surgery,4272.85,PET-7513,2022-11-26 14:26:19
Cooper,1005,3AF27CA9,Surgery,2209.88,PET-7513,2022-12-26 14:26:19
Rufus,1001,ED6A0D08,Vaccination,103.78,PET-9748,2023-03-21 14:26:19
Rufus,1001,9FB63CC2,X-ray,489.74,PET-9748,2023-07-13 14:26:19
Rufus,1001,5D4E469D,Lab Test,303.99,PET-9748,2022-10-27 14:26:19
Rufus,1001,65F36956,Dental Cleaning,130.48,PET-9748,2022-08-06 14:26:19
Freckles,1002,769C954A,Vaccination,139.62,PET-7252,2023-06-28 14:26:19
Freckles,1002,3AB4C43C,Vaccination,183.51,PET-7252,2023-02-17 14:26:19
Freckles,1002,2B5C2D8E,Check-up,73.75,PET-7252,2021-09-19 14:26:19
Freckles,1002,E2DC1542,Vaccination,181.37,PET-7252,2022-05-17 14:26:19
Remy,1011,F21E498B,X-ray,541.94,PET-8001,2023-02-01 14:26:19
Remy,1011,8D013B63,Vaccination,97.38,PET-8001,2023-04-08 14:26:19
Remy,1011,6A8EE109,Check-up,65.09,PET-8001,2022-10-22 14:26:19
Remy,1011,AD6CDF50,Lab Test,428.38,PET-8001,2022-09-15 14:26:19
Remy,1011,D3EFE0D7,X-ray,518.35,PET-8001,2023-08-15 14:26:19
Remy,1011,F4591AC4,Vaccination,107.26,PET-8001,2022-01-19 14:26:19
Remy,1011,9D7CCA59,Check-up,117.59,PET-8001,2023-03-02 14:26:19
Remy,1011,50828A84,Check-up,115.39,PET-8001,2021-12-06 14:26:19
Remy,1011,402EDD0E,Check-up,103.53,PET-8001,2022-10-09 14:26:19
Winston,1016,A7B89570,Surgery,4342.55,PET-9484,2022-08-19 14:26:19
Otis,1000,4E382CEF,Dental Cleaning,179.61,PET-9871,2023-09-26 14:26:19
Otis,1000,14C3ED3F,X-ray,863.9,PET-9871,2021-11-05 14:26:19
Otis,1000,A90E4CB7,X-ray,352.46,PET-9871,2022-02-26 14:26:19
Otis,1000,69E68AC6,X-ray,795.35,PET-9871,2022-03-28 14:26:19
Otis,1000,71436D3D,X-ray,337.21,PET-9871,2022-01-01 14:26:19
Otis,1000,51A8AB0F,X-ray,569.07,PET-9871,2022-09-21 14:26:19
Otis,1000,FDF718CD,Check-up,82.47,PET-9871,2022-08-20 14:26:19
Otis,1000,50DA8EA3,Dental Cleaning,244.99,PET-9871,2023-06-30 14:26:19
Otis,1000,DA95EAA8,Vaccination,101.71,PET-9871,2021-11-19 14:26:19
Otis,1000,CCEB0392,Check-up,108.84,PET-9871,2021-11-10 14:26:19
Lucky,1020,F331E8C9,Check-up,130.12,PET-3089,2022-12-01 14:26:19
Lucky,1020,FD2EFB20,Lab Test,121.38,PET-3089,2022-10-02 14:26:19
Hudson,1019,203366FE,Dental Cleaning,256.56,PET-1277,2022-12-03 14:26:19
Hudson,1019,C4B6ADD7,Vaccination,146.64,PET-1277,2021-10-25 14:26:19
Hudson,1019,B3BC8FF0,Surgery,4822.29,PET-1277,2022-03-12 14:26:19
Lizzy,1019,11111694,Check-up,143.51,PET-7824,2021-10-06 14:26:19
Lizzy,1019,7417FFED,Lab Test,355.85,PET-7824,2022-06-20 14:26:19
Lizzy,1019,B926C468,Surgery,3052.19,PET-7824,2023-07-25 14:26:19
Lizzy,1019,212D0FF5,Check-up,148.22,PET-7824,2023-05-11 14:26:19
Lizzy,1019,726147F5,Vaccination,153.11,PET-7824,2022-10-05 14:26:19
Lizzy,1019,B57AB701,Check-up,62.87,PET-7824,2021-10-14 14:26:19
Lizzy,1019,49E4C27D,Lab Test,184.71,PET-7824,2022-09-20 14:26:19
Benson,1011,9FC427EF,Surgery,3064.47,PET-1031,2022-09-25 14:26:19
Benson,1011,E7F55982,Dental Cleaning,238.61,PET-1031,2022-03-24 14:26:19
Benson,1011,37A889EA,Dental Cleaning,121.57,PET-1031,2022-02-20 14:26:19
Benson,1011,84FA90B8,Check-up,101.12,PET-1031,2023-06-26 14:26:19
Benson,1011,4F11767A,Surgery,2262.64,PET-1031,2021-09-07 14:26:19
Molly,1000,EE2ED09C,Vaccination,155.08,PET-7239,2022-08-20 14:26:19
Molly,1000,82FA1B4D,Vaccination,130.78,PET-7239,2023-08-05 14:26:19
Molly,1000,D429A044,Dental Cleaning,260.32,PET-7239,2022-10-21 14:26:19
Molly,1000,79CB28BD,Dental Cleaning,102.7,PET-7239,2022-01-08 14:26:19
Molly,1000,33574F73,Vaccination,78.21,PET-7239,2023-04-06 14:26:19
Molly,1000,A2A5EB02,Dental Cleaning,171.89,PET-7239,2022-01-30 14:26:19
Molly,1000,4E5919C5,Dental Cleaning,299.6,PET-7239,2023-08-25 14:26:19
Molly,1000,F9BB3B78,Dental Cleaning,197.7,PET-7239,2021-10-30 14:26:19
Eli,1016,08750A1A,Vaccination,177.51,PET-4992,2022-09-22 14:26:19
Eli,1016,68711FBB,Dental Cleaning,169.2,PET-4992,2023-04-30 14:26:19
Eli,1016,92ED177A,Vaccination,87.03,PET-4992,2022-07-30 14:26:19
Eli,1016,46E44BAE,X-ray,297.39,PET-4992,2022-01-30 14:26:19
Eli,1016,37894C65,Vaccination,85.74,PET-4992,2022-08-30 14:26:19
Eli,1016,6D80DCFF,Check-up,119.61,PET-4992,2022-08-01 14:26:19
Duke,1019,7D18F270,Lab Test,331.66,PET-4466,2023-05-22 14:26:19
Bentley,1004,EB3FF7BE,X-ray,474.06,PET-3199,2023-04-27 14:26:19
Bentley,1004,1C6B0CA2,Lab Test,113.05,PET-3199,2022-04-07 14:26:19
Bentley,1004,7DCE2E3C,Check-up,78.51,PET-3199,2023-02-26 14:26:19
Bentley,1004,ED7E9FD4,Check-up,69.27,PET-3199,2022-07-12 14:26:19
Bentley,1004,1EB8CDC6,Surgery,4774.25,PET-3199,2022-06-28 14:26:19
Bentley,1004,91AF917E,Check-up,111.76,PET-3199,2022-02-16 14:26:19
Bentley,1004,89FE7E29,X-ray,255.69,PET-3199,2022-10-08 14:26:19
Bentley,1004,A0AD1C70,Check-up,115.9,PET-3199,2023-02-03 14:26:19
Bentley,1004,6141CEF6,Surgery,1126.73,PET-3199,2022-12-03 14:26:19
Pockets,1000,3F532520,Lab Test,225.41,PET-6042,2023-06-30 14:26:19
Pockets,1000,31A29F1C,Dental Cleaning,175.83,PET-6042,2022-07-05 14:26:19
Pockets,1000,894FE9E4,Surgery,4288.67,PET-6042,2021-11-11 14:26:19
Pockets,1000,032D7D6B,Lab Test,412.95,PET-6042,2022-07-06 14:26:19
Pockets,1000,1D13DB35,Vaccination,153.42,PET-6042,2023-02-22 14:26:19
Daisy,1008,761E64BB,Vaccination,82.29,PET-2932,2023-02-04 14:26:19
Daisy,1008,6D219A71,Vaccination,169,PET-2932,2021-11-26 14:26:19
Daisy,1008,AE267E9A,Vaccination,192.67,PET-2932,2021-11-13 14:26:19
Daisy,1008,86B06470,Dental Cleaning,275.26,PET-2932,2021-12-20 14:26:19
Mason,1002,2CBAC9D2,Lab Test,339.18,PET-1624,2023-07-26 14:26:19
Mason,1002,93F36E24,Check-up,139.59,PET-1624,2022-07-08 14:26:19
Nike,1013,2B6BCADE,Check-up,84.47,PET-1197,2023-08-21 14:26:19
Nike,1013,147CF332,Dental Cleaning,198.37,PET-1197,2022-08-03 14:26:19
Rocket,1008,54A4AC2E,Surgery,3809.73,PET-8739,2023-05-26 14:26:19
Rocket,1008,305BFEF9,X-ray,965.51,PET-8739,2022-02-16 14:26:19
Rocket,1008,D6326EB5,Lab Test,469.55,PET-8739,2022-03-09 14:26:19
Rocket,1008,87002FF6,X-ray,338.89,PET-8739,2023-01-15 14:26:19
Rocket,1008,8BDA1295,X-ray,635.52,PET-8739,2022-04-08 14:26:19
Rocket,1008,C9DEFD45,X-ray,716.93,PET-8739,2023-08-04 14:26:19
Rocket,1008,634ED996,Vaccination,56.81,PET-8739,2023-02-24 14:26:19
Rocket,1008,788A3E74,Lab Test,283.88,PET-8739,2021-12-17 14:26:19
Charlie,1008,7C4806FD,Dental Cleaning,111.03,PET-5476,2023-04-12 14:26:19
Charlie,1008,589FFCF4,Check-up,104.77,PET-5476,2022-07-18 14:26:19
Charlie,1008,E987C12E,Dental Cleaning,206.23,PET-5476,2022-01-27 14:26:19
Charlie,1008,33F7D141,Check-up,97.93,PET-5476,2022-01-02 14:26:19
Charlie,1008,409AFD2C,Lab Test,160.35,PET-5476,2022-03-09 14:26:19
Charlie,1008,F2F250A3,Surgery,3529.91,PET-5476,2021-11-28 14:26:19
Charlie,1008,60348EE3,Vaccination,95.93,PET-5476,2022-09-03 14:26:19
Charlie,1008,04134EC0,Vaccination,129.7,PET-5476,2021-09-27 14:26:19
Charlie,1008,6E83CCD1,Vaccination,149.71,PET-5476,2022-08-20 14:26:19
Charlie,1008,E557F7F1,X-ray,416.93,PET-5476,2022-04-11 14:26:19
Wolfgang,1009,1C096285,Check-up,94.72,PET-3428,2022-04-12 14:26:19
Wolfgang,1009,8B460621,Dental Cleaning,121.67,PET-3428,2023-02-06 14:26:19
Wolfgang,1009,AA733A55,Check-up,120.36,PET-3428,2022-12-11 14:26:19
Wolfgang,1009,CDC199BA,Dental Cleaning,249.73,PET-3428,2023-08-27 14:26:19
Wolfgang,1009,2C32A23C,Dental Cleaning,190.71,PET-3428,2022-06-18 14:26:19
Wolfgang,1009,378B7261,X-ray,522.63,PET-3428,2022-08-08 14:26:19
Wolfgang,1009,670E0D33,X-ray,603.45,PET-3428,2022-05-21 14:26:19
Wolfgang,1009,DB219300,Check-up,82.49,PET-3428,2022-08-08 14:26:19
Wolfgang,1009,DC2219A5,Dental Cleaning,286.09,PET-3428,2022-01-28 14:26:19
Dreamer,1020,B2D890B4,Check-up,79.23,PET-2376,2023-04-23 14:26:19
Dreamer,1020,B8DBBA54,X-ray,380.76,PET-2376,2021-12-10 14:26:19
Dreamer,1020,A2A411C9,Dental Cleaning,103.87,PET-2376,2022-08-14 14:26:19
Dreamer,1020,08AFACE9,Check-up,143.07,PET-2376,2023-07-12 14:26:19
Dreamer,1020,44694329,Lab Test,251.32,PET-2376,2021-12-04 14:26:19
Sasha,1000,F4F19C29,Check-up,72.22,PET-1415,2022-12-25 14:26:19
Sasha,1000,141E4222,X-ray,980.05,PET-1415,2022-07-11 14:26:19
Sasha,1000,696F96CA,Dental Cleaning,271.95,PET-1415,2022-01-12 14:26:19
Sasha,1000,73A5C6E8,Check-up,113.36,PET-1415,2022-12-14 14:26:19
Sasha,1000,279CBAE7,X-ray,829.67,PET-1415,2022-05-19 14:26:19
Sasha,1000,F7868AE9,Check-up,139.41,PET-1415,2022-05-31 14:26:19
Sasha,1000,69603B06,Check-up,91.04,PET-1415,2023-09-20 14:26:19
Tucker,1013,E1923768,Check-up,102.34,PET-4281,2022-06-12 14:26:19
Tucker,1013,4E4C24FA,Surgery,2975.31,PET-4281,2022-07-24 14:26:19
Tucker,1013,0587D965,Dental Cleaning,223.04,PET-4281,2022-11-07 14:26:19
Tucker,1013,AC518585,Surgery,2813.23,PET-4281,2023-05-04 14:26:19
Tucker,1013,39FA2363,Surgery,1570.35,PET-4281,2023-01-19 14:26:19
Tucker,1013,A63DD810,Check-up,118.92,PET-4281,2023-06-19 14:26:19
Ginger,1009,1D81FEE9,Dental Cleaning,109.29,PET-3137,2022-11-01 14:26:19
Ginger,1009,E8A7DBBD,Check-up,144.41,PET-3137,2022-09-05 14:26:19
Ginger,1009,51CA31D9,X-ray,907.16,PET-3137,2023-08-17 14:26:19
Ella,1010,4FB0391A,Vaccination,186.66,PET-9046,2022-11-29 14:26:19
Ella,1010,53891CB2,Check-up,76.88,PET-9046,2023-03-11 14:26:19
Ella,1010,4F5C9B7A,Check-up,78.92,PET-9046,2023-06-06 14:26:19
Ella,1010,0449D56F,Check-up,121.98,PET-9046,2022-02-24 14:26:19
Ella,1010,FB9A1C96,Surgery,4852.3,PET-9046,2022-09-05 14:26:19
Ella,1010,91362050,Check-up,86.82,PET-9046,2022-08-16 14:26:19
Hazel,1017,565E2E52,Dental Cleaning,209.34,PET-6106,2023-03-26 14:26:19
Hazel,1017,2527115F,Check-up,73.23,PET-6106,2022-09-23 14:26:19
Hazel,1017,582B5FE0,Lab Test,134.12,PET-6106,2023-08-01 14:26:19
Hazel,1017,4C5A50C4,Check-up,50.28,PET-6106,2022-04-20 14:26:19
Hazel,1017,5BB1A783,Lab Test,242.71,PET-6106,2022-02-21 14:26:19
Hazel,1017,E9864F70,Surgery,1812.38,PET-6106,2022-10-09 14:26:19
Hazel,1017,76981106,Lab Test,316.65,PET-6106,2023-06-16 14:26:19
Hazel,1017,66E7E9F2,Check-up,97.04,PET-6106,2022-05-03 14:26:19
Hazel,1017,41F7F63E,Surgery,1025.66,PET-6106,2021-10-02 14:26:19
Hazel,1017,7E884175,Vaccination,194.36,PET-6106,2022-05-08 14:26:19
Maddie,1008,72F02756,Vaccination,78.49,PET-4691,2023-06-14 14:26:19
Maddie,1008,A3A1CA38,Lab Test,141.53,PET-4691,2022-09-08 14:26:19
Maddie,1008,D938A46F,Check-up,104.31,PET-4691,2022-11-07 14:26:19
Maddie,1008,1FF7D8E9,Check-up,131.12,PET-4691,2021-10-30 14:26:19
Maddie,1008,3D05CC79,Vaccination,104.27,PET-4691,2022-06-17 14:26:19
Maddie,1008,3B642E64,X-ray,673.54,PET-4691,2022-03-09 14:26:19
Maddie,1008,A1142849,Vaccination,145.85,PET-4691,2022-04-17 14:26:19
Maddie,1008,E6124906,Vaccination,117.21,PET-4691,2023-07-20 14:26:19
Lily,1014,7FA4337E,Check-up,66.99,PET-1904,2022-05-14 14:26:19
Lily,1014,7.19E+11,X-ray,400.05,PET-1904,2023-04-03 14:26:19
Lily,1014,33BFC574,Dental Cleaning,126.86,PET-1904,2022-08-27 14:26:19
Lily,1014,AD9B1D7A,Surgery,2504.29,PET-1904,2023-07-21 14:26:19
Lily,1014,49990392,Check-up,55.25,PET-1904,2021-11-06 14:26:19
Lily,1014,62A62890,Vaccination,60.23,PET-1904,2021-11-22 14:26:19
Lily,1014,736CFBD2,Vaccination,89.01,PET-1904,2022-08-24 14:26:19
Lily,1014,F1AE5C73,Lab Test,103.81,PET-1904,2021-10-20 14:26:19
Lily,1014,4A524EAE,Lab Test,205.27,PET-1904,2023-04-25 14:26:19
Champ,1001,65729143,Dental Cleaning,222.64,PET-3467,2022-10-25 14:26:19
Champ,1001,65FE8961,Dental Cleaning,171.59,PET-3467,2023-09-20 14:26:19
Champ,1001,2B02BCF8,Check-up,89.41,PET-3467,2022-08-21 14:26:19
Champ,1001,2A131A41,Check-up,116.35,PET-3467,2023-09-21 14:26:19
Champ,1001,4D420C5C,Surgery,2477.57,PET-3467,2022-05-20 14:26:19
Willow,1002,852CFA4C,Dental Cleaning,128.14,PET-1499,2021-11-27 14:26:19
Willow,1002,4C8DEA9F,Check-up,84.6,PET-1499,2022-04-04 14:26:19
Willow,1002,C4007936,Surgery,4424.58,PET-1499,2023-03-20 14:26:19
Ruby,1017,008BE9ED,Dental Cleaning,271.13,PET-6424,2021-10-04 14:26:19
Ruby,1017,2B7CC904,Check-up,109.98,PET-6424,2022-11-26 14:26:19
Coco,1020,41BCDADC,Check-up,92.65,PET-3722,2023-02-12 14:26:19
Coco,1020,CE893238,Dental Cleaning,197.86,PET-3722,2023-04-13 14:26:19
Coco,1020,5D9394C1,Check-up,123.98,PET-3722,2023-05-21 14:26:19
Coco,1020,B0A80F79,Dental Cleaning,289.05,PET-3722,2022-04-17 14:26:19
Ollie,1002,E6B2309D,Lab Test,217.79,PET-7185,2022-06-15 14:26:19
Oliver,1000,CCE9FA27,Vaccination,176.11,PET-1326,2022-01-29 14:26:19
Oliver,1000,A3D8BD06,Vaccination,191.11,PET-1326,2023-02-26 14:26:19
Oliver,1000,BA5DC73E,Check-up,59.73,PET-1326,2022-02-17 14:26:19
Oliver,1000,CF3CB068,X-ray,208.78,PET-1326,2023-03-04 14:26:19
Beau,1005,FAD03B2E,X-ray,667.16,PET-5769,2021-10-09 14:26:19
Beau,1005,A5B09634,X-ray,247.23,PET-5769,2021-11-16 14:26:19
Beau,1005,4078995A,Check-up,85.59,PET-5769,2023-09-26 14:26:19
Beau,1005,5577C604,Lab Test,143.73,PET-5769,2022-04-22 14:26:19
Beau,1005,415D6E7F,Dental Cleaning,193.7,PET-5769,2022-04-13 14:26:19
Bruce,1006,981A2138,X-ray,914.51,PET-4570,2022-01-07 14:26:19
Bruce,1006,C60F408A,Check-up,61.74,PET-4570,2023-02-15 14:26:19
Bruce,1006,D5481943,Check-up,76.27,PET-4570,2023-01-25 14:26:19
Bruce,1006,2B0D0384,X-ray,733.17,PET-4570,2022-09-17 14:26:19
Bruce,1006,471F8C3E,Check-up,143.62,PET-4570,2022-09-02 14:26:19
Bruce,1006,5300782B,Check-up,136.54,PET-4570,2023-04-12 14:26:19
Bruce,1006,AE26305E,Lab Test,496.26,PET-4570,2021-10-31 14:26:19
Gus,1007,3A3ED9B0,Check-up,113.27,PET-7776,2022-01-25 14:26:19
Gus,1007,2D569C07,Check-up,89.3,PET-7776,2022-12-29 14:26:19
Gus,1007,CBDC7D24,Vaccination,94.73,PET-7776,2023-04-29 14:26:19
Gus,1007,A0E926D4,Surgery,1740.12,PET-7776,2022-12-10 14:26:19
Gus,1007,FC684788,Dental Cleaning,106.73,PET-7776,2022-02-24 14:26:19
Gus,1007,6D522B67,X-ray,729.4,PET-7776,2023-02-15 14:26:19
Misty,1014,604E1E4F,Dental Cleaning,179.73,PET-1154,2022-04-07 14:26:19
Misty,1014,63837015,Lab Test,495.42,PET-1154,2022-09-19 14:26:19
Misty,1014,B22DB52B,X-ray,942.73,PET-1154,2023-08-16 14:26:19
Misty,1014,F416B4BC,Check-up,52.39,PET-1154,2023-07-16 14:26:19
Misty,1014,EA655E1E,X-ray,432.26,PET-1154,2022-08-31 14:26:19